Programa,Semestre,MenorA17,Edad18,Edad19,MenorA17,Edad20,Edad21,Edad22,Edad23,Edad24,Edad25,MayorA26MenorA31,MayorA31,Total
Ingeniería Electrónica (Nocturno),2021-1,,,,,,,,,,,2,1,3
Ingeniería Eléctrica,2021-1,,,,,,,4,5,2,5,8,2,26
Ingeniería Física,2021-1,,,,,,2,1,,1,,3,,7
Ingeniería de Sistemas y Computación,2021-1,,,,,,1,,2,1,2,1,1,8
Ingeniería de Sistemas y Computación (Nocturno),2021-1,,,,,,,1,,,,,2,3
Ingeniería Electrónica (Nocturno),2021-2,,,,,,,3,4,4,2,3,1,17
Ingeniería Eléctrica,2021-2,,,,,1,,3,2,4,1,5,1,17
Ingeniería Física,2021-2,,,,,,,1,3,,,1,,5
Ingeniería de Sistemas y Computación,2021-2,,,,,1,1,7,7,3,3,3,3,28
Ingeniería de Sistemas y Computación (Nocturno),2021-2,,,,,,,,,,1,1,1,3
Ingeniería Electrónica (Nocturno),2020-1,,,,,,,,,2,,4,,6
Ingeniería Eléctrica,2020-1,,,,,,,1,4,3,7,8,2,25
Ingeniería Física,2020-1,,,,,,,2,2,2,1,5,1,13
Ingeniería de Sistemas y Computación,2020-1,,,,,,,,9,3,2,6,2,22
Ingeniería de Sistemas y Computación (Nocturno),2020-1,,,,,,,,,1,1,,1,3
Ingeniería Electrónica (Diurna),2020-2,,,,,,,1,,1,,,,2
Ingeniería Electrónica (Nocturno),2020-2,,,,,,,,4,4,,5,6,19
Ingeniería Eléctrica,2020-2,,,,,,,7,18,15,18,28,6,92
Ingeniería Física,2020-2,,,,,,4,13,16,4,3,7,4,51
Ingeniería de Sistemas y Computación,2020-2,,,,,,7,17,11,12,9,16,1,73
Ingeniería de Sistemas y Computación (Nocturno),2020-2,,,,,,,,3,1,3,8,8,23
Ingeniería Electrónica (Nocturno),2019-1,,,,,,,,,1,3,5,1,10
Ingeniería Eléctrica,2019-1,,,,,,,,1,7,9,40,11,68
Ingeniería Física,2019-1,,,,,,,,,3,6,3,1,13
Ingeniería de Sistemas y Computación,2019-1,,,,,,,1,2,2,1,9,2,17
Ingeniería de Sistemas y Computación (Nocturno),2019-1,,,,,,,,,,2,2,1,5
Ingeniería Electrónica (Nocturno),2019-2,,,,,,,,1,1,1,3,2,8
Ingeniería Eléctrica,2019-2,,,,,,,1,14,11,20,42,16,104
Ingeniería Física,2019-2,,,,,,,,5,6,3,2,1,17
Ingeniería de Sistemas y Computación,2019-2,,,,,,,1,12,15,15,17,3,63
Ingeniería de Sistemas y Computación (Nocturno),2019-2,,,,,,,,,1,1,8,5,15
Ingeniería Electrónica (Nocturno),2018-1,,,,,,,,,,1,4,4,9
Ingeniería Eléctrica,2018-1,,,,,,,,,,6,23,7,36
Ingeniería Física,2018-1,,,,,,,,,1,5,1,1,8
Ingeniería de Sistemas y Computación,2018-1,,,,,,,,,1,6,17,2,26
Ingeniería de Sistemas y Computación (Nocturno),2018-1,,,,,,,,,,,1,3,4
Ingeniería Electrónica (Nocturno),2018-2,,,,,,,,,1,1,11,6,19
Ingeniería Eléctrica,2018-2,,,,,,,,,8,15,44,12,79
Ingeniería Física,2018-2,,,,,,,,,3,11,10,,24
Ingeniería de Sistemas y Computación,2018-2,,,,,,,,6,15,11,28,4,64
Ingeniería de Sistemas y Computación (Nocturno),2018-2,,,,,,,,,,2,3,7,12
Ingeniería Eléctrica,2017-1,,,,,,,,,,1,10,11,22
Ingeniería Física,2017-1,,,,,,,,,,1,9,1,11
Ingeniería de Sistemas y Computación,2017-1,,,,,,,,,,1,13,2,16
Ingeniería de Sistemas y Computación (Nocturno),2017-1,,,,,,,,,,,2,1,3
Ingeniería Electrónica (Nocturno),2017-2,,,,,,,,,,,11,8,19
Ingeniería Eléctrica,2017-2,,,,,,,,,,6,50,20,76
Ingeniería Física,2017-2,,,,,,,,,2,3,19,2,26
Ingeniería de Sistemas y Computación,2017-2,,,,,,,,,2,11,31,10,54
Ingeniería de Sistemas y Computación (Nocturno),2017-2,,,,,,,,,,1,4,8,13
Ingeniería Electrónica (Nocturno),2016-1,,,,,,,,,,,3,8,11
Ingeniería Eléctrica,2016-1,,,,,,,,,,,20,19,39
Ingeniería Física,2016-1,,,,,,,,,,,3,4,7
Ingeniería de Sistemas y Computación,2016-1,,,,,,,,,,,17,3,20
Ingeniería de Sistemas y Computación (Nocturno),2016-1,,,,,,,,,,,2,8,10
Ingeniería Electrónica (Nocturno),2016-2,,,,,,,,,,,6,16,22
Ingeniería Eléctrica,2016-2,,,,,,,,,,,48,27,75
Ingeniería Física,2016-2,,,,,,,,,,1,15,7,23
Ingeniería de Sistemas y Computación,2016-2,,,,,,,,,,3,39,19,61
Ingeniería de Sistemas y Computación (Nocturno),2016-2,,,,,,,,,,,6,6,12
Ingeniería Electrónica (Nocturno),2015-1,,,,,,,,,,,2,7,9
Ingeniería Eléctrica,2015-1,,,,,,,,,,,11,8,19
Ingeniería Física,2015-1,,,,,,,,,,,3,3,6
Ingeniería de Sistemas y Computación,2015-1,,,,,,,,,,,14,9,23
Ingeniería de Sistemas y Computación (Nocturno),2015-1,,,,,,,,,,,2,4,6
Ingeniería Electrónica (Nocturno),2015-2,,,,,,,,,,,15,11,26
Ingeniería Eléctrica,2015-2,,,,,,,,,,,24,34,58
Ingeniería Física,2015-2,,,,,,,,,,,21,9,30
Ingeniería de Sistemas y Computación,2015-2,,,,,,,,,,,53,15,68
Ingeniería de Sistemas y Computación (Nocturno),2015-2,,,,,,,,,,,5,13,18
Ingeniería Electrónica (Nocturno),2014-1,7,12,,,,,,,,,7,12,19
Ingeniería Eléctrica,2014-1,9,21,,,,,,,,,9,21,30
Ingeniería Física,2014-1,9,4,,,,,,,,,9,4,13
Ingeniería de Sistemas y Computación,2014-1,11,18,,,,,,,,,11,18,29
Ingeniería de Sistemas y Computación (Nocturno),2014-1,,17,,,,,,,,,,17,17
Ingeniería Electrónica (Nocturno),2014-2,,9,,,,,,,,,,9,9
Ingeniería Eléctrica,2014-2,8,5,,,,,,,,,8,5,13
Ingeniería Física,2014-2,5,6,,,,,,,,,5,6,11
Ingeniería de Sistemas y Computación,2014-2,13,16,,,,,,,,,13,16,29
Ingeniería de Sistemas y Computación (Nocturno),2014-2,1,14,,,,,,,,,1,14,15
Ingeniería Electrónica (Nocturno),2013-1,,4,,,,,,,,,,4,4
Ingeniería Eléctrica,2013-1,3,7,,,,,,,,,3,7,10
Ingeniería Física,2013-1,3,,,,,,,,,,3,,3
Ingeniería de Sistemas y Computación,2013-1,2,13,,,,,,,,,2,13,15
Ingeniería de Sistemas y Computación (Nocturno),2013-1,,7,,,,,,,,,,7,7
Ingeniería Electrónica (Nocturno),2013-2,,,,,,,,,,,6,19,25
Ingeniería Eléctrica,2013-2,,,,,,,,,,,14,33,47
Ingeniería Física,2013-2,,,,,,,,,,,5,7,12
Ingeniería de Sistemas y Computación,2013-2,,,,,,,,,,,26,35,61
Ingeniería de Sistemas y Computación (Nocturno),2013-2,,,,,,,,,,,,13,13
Ingeniería Electrónica (Nocturno),2012-1,,,,,,,,,,,,17,17
Ingeniería Eléctrica,2012-1,,,,,,,,,,,2,24,26
Ingeniería Física,2012-1,,,,,,,,,,,,6,6
Ingeniería de Sistemas y Computación,2012-1,,,,,,,,,,,2,17,19
Ingeniería de Sistemas y Computación (Nocturno),2012-1,,,,,,,,,,,,2,2
Ingeniería Electrónica (Nocturno),2012-2,,,,,,,,,,,2,23,25
Ingeniería Eléctrica,2012-2,,,,,,,,,,,6,29,35
Ingeniería Física,2012-2,,,,,,,,,,,2,11,13
Ingeniería de Sistemas y Computación,2012-2,,,,,,,,,,,9,53,62
Ingeniería de Sistemas y Computación (Nocturno),2012-2,,,,,,,,,,,,20,20
Ingeniería Electrónica (Nocturno),2011-1,,,,,,,,,,,,3,3
Ingeniería Eléctrica,2011-1,,,,,,,,,,,1,13,14
Ingeniería Física,2011-1,,,,,,,,,,,,7,7
Ingeniería de Sistemas y Computación,2011-1,,,,,,,,,,,,14,14
Ingeniería de Sistemas y Computación (Nocturno),2011-1,,,,,,,,,,,,1,1
Ingeniería Electrónica (Nocturno),2011-2,,,,,,,,,,,,22,22
Ingeniería Eléctrica,2011-2,,,,,,,,,,,1,44,45
Ingeniería Física,2011-2,,,,,,,,,,,,8,8
Ingeniería de Sistemas y Computación,2011-2,,,,,,,,,,,1,80,81
Ingeniería de Sistemas y Computación (Nocturno),2011-2,,,,1,,,,,,,,24,25
Ingeniería Electrónica (Nocturno),2010-1,,,,,,,,,,,,4,4
Ingeniería Eléctrica,2010-1,,,,,,,,,,,,21,21
Ingeniería Física,2010-1,,,,,,,,,,,,7,7
Ingeniería de Sistemas y Computación,2010-1,,,,,,,,,,,,22,22
Ingeniería Electrónica (Nocturno),2010-2,,,,,,,,,,,,5,5
Ingeniería Eléctrica,2010-2,,,,1,,,,,,,,62,63
Ingeniería Física,2010-2,,,,,,,,,,,,22,22
Ingeniería de Sistemas y Computación,2010-2,,,,,,,,,,,,44,44
Ingeniería de Sistemas y Computación (Nocturno),2010-2,,,,,,,,,,,,2,2