Programa,Semestre,Na,Oficial,Privado,Total
Ingeniería Electrónica (Diurna),2021-1,4,81,15,100
Ingeniería Eléctrica,2021-1,5,178,22,205
Ingeniería Física,2021-1,3,115,21,139
Ingeniería de Sistemas y Computación,2021-1,9,585,96,690
Ingeniería de Sistemas y Computación (Nocturno),2021-1,4,70,12,86
Tecnología en Desarrollo de Software,2021-1,3,42,9,54
Ingeniería Electrónica (Diurna),2021-2,2,39,10,51
Ingeniería Eléctrica,2021-2,,86,16,102
Ingeniería Física,2021-2,1,40,12,53
Ingeniería de Sistemas y Computación,2021-2,4,256,49,309
Ingeniería de Sistemas y Computación (Nocturno),2021-2,1,45,19,65
Tecnología en Desarrollo de Software,2021-2,2,33,9,44
Ingeniería Electrónica (Diurna),2020-1,0,51,16,67
Ingeniería Eléctrica,2020-1,0,160,24,184
Ingeniería Física,2020-1,0,67,11,78
Ingeniería de Sistemas y Computación,2020-1,1,239,36,276
Ingeniería de Sistemas y Computación (Nocturno),2020-1,1,61,12,74
Tecnología en Desarrollo de Software,2020-1,2,37,4,43
Ingeniería Electrónica (Diurna),2020-2,8,58,18,84
Ingeniería Eléctrica,2020-2,1,82,10,93
Ingeniería Física,2020-2,2,46,10,58
Ingeniería de Sistemas y Computación,2020-2,2,157,65,224
Ingeniería de Sistemas y Computación (Nocturno),2020-2,6,68,15,89
Tecnología en Desarrollo de Software,2020-2,8,40,9,57
Ingeniería Electrónica (Diurna),2019-1,0,70,15,85
Ingeniería Eléctrica,2019-1,1,152,21,174
Ingeniería Física,2019-1,0,84,20,104
Ingeniería de Sistemas y Computación,2019-1,3,230,59,292
Ingeniería de Sistemas y Computación (Nocturno),2019-1,1,64,11,76
Tecnología en Desarrollo de Software,2019-1,3,24,5,32
Ingeniería Electrónica (Diurna),2019-2,1,26,17,44
Ingeniería Eléctrica,2019-2,1,79,15,95
Ingeniería Física,2019-2,0,40,17,57
Ingeniería de Sistemas y Computación,2019-2,0,133,23,156
Ingeniería de Sistemas y Computación (Nocturno),2019-2,3,52,6,61
Tecnología en Desarrollo de Software,2019-2,2,14,2,18
Ingeniería Electrónica (Diurna),2018-1,1,90,19,110
Ingeniería Eléctrica,2018-1,1,182,29,212
Ingeniería Física,2018-1,4,95,16,115
Ingeniería de Sistemas y Computación,2018-1,3,336,56,395
Ingeniería de Sistemas y Computación (Nocturno),2018-1,0,43,14,57
Tecnología en Desarrollo de Software,2018-1,2,44,10,56
Ingeniería Electrónica (Diurna),2018-2,1,31,14,46
Ingeniería Eléctrica,2018-2,0,83,20,103
Ingeniería Física,2018-2,0,35,14,49
Ingeniería de Sistemas y Computación,2018-2,4,140,28,172
Ingeniería de Sistemas y Computación (Nocturno),2018-2,0,16,5,21
Ingeniería Electrónica (Diurna),2017-1,0,91,23,114
Ingeniería Eléctrica,2017-1,6,216,28,250
Ingeniería Eléctrica (Básicos ingeniería),2017-1,1,25,1,27
Ingeniería Física,2017-1,4,114,17,135
Ingeniería Física (Básicos ingenieria),2017-1,,19,,19
Ingeniería de Sistemas y Computación,2017-1,8,332,49,389
Ingeniería de Sistemas y Computación (Básicos ingeniería),2017-1,3,43,2,48
Ingeniería de Sistemas y Computación (Convenio Cuba),2017-1,0,60,7,67
Ingeniería de Sistemas y Computación (Nocturno),2017-1,2,70,11,83
Ingeniería Electrónica (Diurna),2017-2,1,33,14,48
Ingeniería Eléctrica,2017-2,0,85,13,98
Ingeniería Física,2017-2,2,47,7,56
Ingeniería de Sistemas y Computación,2017-2,3,137,29,169
Ingeniería de Sistemas y Computación (Nocturno),2017-2,0,46,11,57
Ingeniería Electrónica (Diurna),2016-2,0,25,3,28
Ingeniería Eléctrica,2016-2,2,109,16,127
Ingeniería Eléctrica (Básicos ingeniería),2016-2,0,11,1,12
Ingeniería Física,2016-2,4,53,9,66
Ingeniería Física (Básicos ingenieria),2016-2,0,9,,9
Ingeniería de Sistemas y Computación,2016-2,2,122,22,146
Ingeniería de Sistemas y Computación (Básicos ingeniería),2016-2,1,23,1,25
Ingeniería de Sistemas y Computación (Convenio Cuba),2016-2,1,38,,39
Ingeniería de Sistemas y Computación (Nocturno),2016-2,8,87,11,106
Ingeniería Electrónica (Nocturno),2016-1,0,68,12,80
Ingeniería Eléctrica,2016-1,5,214,31,250
Ingeniería Física,2016-1,1,111,9,121
Ingeniería de Sistemas y Computación,2016-1,7,280,60,347
Ingeniería de Sistemas y Computación (Nocturno),2016-1,3,80,16,99
Ingeniería Electrónica (Nocturno),2015-1,2,70,23,95
Ingeniería Eléctrica,2015-1,7,161,18,186
Ingeniería Física,2015-1,3,57,15,75
Ingeniería de Sistemas y Computación,2015-1,5,251,37,293
Ingeniería de Sistemas y Computación (Nocturno),2015-1,3,69,24,96
Ingeniería Electrónica (Nocturno),2015-2,0,38,3,41
Ingeniería Eléctrica,2015-2,1,94,19,114
Ingeniería de Sistemas y Computación,2015-2,2,126,25,153
Ingeniería de Sistemas y Computación (Nocturno),2015-2,0,44,17,61
Ingeniería Electrónica (Nocturno),2014-1,4,38,5,47
Ingeniería Eléctrica,2014-1,6,134,25,165
Ingeniería Física,2014-1,4,63,9,76
Ingeniería de Sistemas y Computación,2014-1,8,139,29,176
Ingeniería de Sistemas y Computación (Nocturno),2014-1,3,52,20,75
Ingeniería Electrónica (Nocturno),2014-2,0,31,9,40
Ingeniería Eléctrica,2014-2,3,100,16,119
Ingeniería de Sistemas y Computación,2014-2,3,110,23,136
Ingeniería de Sistemas y Computación (Nocturno),2014-2,3,45,13,61
Ingeniería Electrónica (Nocturno),2013-1,3,41,16,60
Ingeniería Eléctrica,2013-1,5,170,25,200
Ingeniería Física,2013-1,5,59,14,78
Ingeniería de Sistemas y Computación,2013-1,4,162,43,209
Ingeniería de Sistemas y Computación (Nocturno),2013-1,3,54,14,71
Ingeniería Electrónica (Nocturno),2013-2,1,40,8,49
Ingeniería Eléctrica,2013-2,2,103,19,124
Ingeniería de Sistemas y Computación,2013-2,4,116,24,144
Ingeniería de Sistemas y Computación (Nocturno),2013-2,1,36,13,50
Ingeniería Electrónica (Nocturno),2012-1,3,69,24,96
Ingeniería Eléctrica,2012-1,7,120,25,152
Ingeniería Física,2012-1,4,73,11,88
Ingeniería de Sistemas y Computación,2012-1,9,158,25,192
Ingeniería de Sistemas y Computación (Nocturno),2012-1,1,72,21,94
Ingeniería Electrónica (Nocturno),2012-2,2,42,16,60
Ingeniería Eléctrica,2012-2,5,107,13,125
Ingeniería de Sistemas y Computación,2012-2,1,113,25,139
Ingeniería de Sistemas y Computación (Nocturno),2012-2,3,59,16,78
Ingeniería Electrónica (Nocturno),2011-1,4,57,18,79
Ingeniería Eléctrica,2011-1,20,113,22,155
Ingeniería Física,2011-1,10,64,13,87
Ingeniería de Sistemas y Computación,2011-1,12,233,38,283
Ingeniería de Sistemas y Computación (Nocturno),2011-1,9,58,23,90
Ingeniería Electrónica (Nocturno),2011-2,5,39,17,61
Ingeniería Eléctrica,2011-2,8,103,17,128
Ingeniería de Sistemas y Computación,2011-2,4,146,38,188
Ingeniería de Sistemas y Computación (Nocturno),2011-2,2,73,10,85
Ingeniería Electrónica (Nocturno),2010-1,15,51,22,88
Ingeniería Eléctrica,2010-1,30,94,18,142
Ingeniería Física,2010-1,21,59,13,93
Ingeniería de Sistemas y Computación,2010-1,53,162,16,231
Ingeniería de Sistemas y Computación (Nocturno),2010-1,23,62,23,108
Ingeniería Electrónica (Nocturno),2010-2,6,49,14,69
Ingeniería Eléctrica,2010-2,6,80,19,105
Ingeniería de Sistemas y Computación,2010-2,13,133,27,173
Ingeniería de Sistemas y Computación (Nocturno),2010-2,4,46,18,68