Programa,Semestre,MenorA17,Edad18,Edad19,Edad20,Edad21,Edad22,Edad23,Edad24,Edad25,MayorA26MenorA31,MayorA31,Total
Ingeniería Electrónica (Diurna),2021-1,55,18,10,4,3,2,2,3,1,1,1,100
Ingeniería Eléctrica,2021-1,105,32,18,8,9,4,6,1,2,10,10,205
Ingeniería Física,2021-1,93,22,11,4,3,0,2,1,0,2,1,139
Ingeniería de Sistemas y Computación,2021-1,430,113,55,26,16,12,9,3,2,18,6,690
Ingeniería de Sistemas y Computación (Nocturno),2021-1,20,6,10,7,6,6,2,5,3,11,10,86
Tecnología en Desarrollo de Software,2021-1,16,10,7,6,3,4,0,0,1,5,2,54
Ingeniería Electrónica (Diurna),2021-2,24,5,7,1,3,3,1,2,1,4,0,51
Ingeniería Eléctrica,2021-2,43,16,13,11,4,5,2,1,0,4,3,102
Ingeniería Física,2021-2,21,13,6,2,1,0,2,0,1,5,2,53
Ingeniería de Sistemas y Computación,2021-2,179,43,33,15,10,6,2,2,3,13,3,309
Ingeniería de Sistemas y Computación (Nocturno),2021-2,16,5,10,7,5,4,1,0,4,8,5,65
Tecnología en Desarrollo de Software,2021-2,16,7,5,2,0,1,2,4,1,2,4,44
Ingeniería Electrónica (Diurna),2020-1,14,29,11,5,5,1,2,0,0,0,0,67
Ingeniería Eléctrica,2020-1,35,72,38,9,6,4,3,4,4,6,3,184
Ingeniería Física,2020-1,23,27,11,7,3,3,0,1,1,0,2,78
Ingeniería de Sistemas y Computación,2020-1,69,110,48,24,7,7,4,1,0,5,1,276
Ingeniería de Sistemas y Computación (Nocturno),2020-1,12,26,12,5,3,2,1,4,1,7,1,74
Tecnología en Desarrollo de Software,2020-1,5,10,5,7,5,2,0,1,3,3,2,43
Ingeniería Electrónica (Diurna),2020-2,16,22,15,6,7,4,2,1,0,5,6,84
Ingeniería Eléctrica,2020-2,10,30,16,9,4,4,4,5,1,6,4,93
Ingeniería Física,2020-2,8,21,8,4,4,3,1,3,0,5,1,58
Ingeniería de Sistemas y Computación,2020-2,53,60,45,22,8,9,7,5,2,6,7,224
Ingeniería de Sistemas y Computación (Nocturno),2020-2,8,10,9,13,8,4,5,4,3,12,13,89
Tecnología en Desarrollo de Software,2020-2,5,6,4,4,5,6,1,5,7,7,7,57
Ingeniería Electrónica (Diurna),2019-1,0,27,32,12,4,3,2,1,1,3,0,85
Ingeniería Eléctrica,2019-1,1,38,61,33,23,7,0,1,1,6,3,174
Ingeniería Física,2019-1,2,24,37,21,10,4,1,2,2,0,1,104
Ingeniería de Sistemas y Computación,2019-1,4,83,111,42,27,7,11,2,1,3,1,292
Ingeniería de Sistemas y Computación (Nocturno),2019-1,0,4,14,14,10,6,5,4,4,7,8,76
Tecnología en Desarrollo de Software,2019-1,0,4,13,8,1,1,0,0,2,3,0,32
Ingeniería Electrónica (Diurna),2019-2,1,10,15,6,2,6,0,1,2,1,0,44
Ingeniería Eléctrica,2019-2,0,15,25,22,12,7,3,1,1,6,3,95
Ingeniería Física,2019-2,3,14,16,12,6,1,0,2,2,1,0,57
Ingeniería de Sistemas y Computación,2019-2,6,43,41,31,12,5,5,6,4,2,1,156
Ingeniería de Sistemas y Computación (Nocturno),2019-2,1,5,8,5,2,7,5,3,7,10,8,61
Tecnología en Desarrollo de Software,2019-2,0,0,4,2,4,0,1,1,1,3,2,18
Ingeniería Electrónica (Diurna),2018-1,0,4,27,39,16,9,5,3,0,6,1,110
Ingeniería Eléctrica,2018-1,0,1,37,83,38,18,11,7,6,9,2,212
Ingeniería Física,2018-1,0,0,27,46,20,8,6,1,2,4,1,115
Ingeniería de Sistemas y Computación,2018-1,0,5,85,164,67,31,18,6,4,13,2,395
Ingeniería de Sistemas y Computación (Nocturno),2018-1,0,0,6,14,7,5,5,6,4,6,4,57
Tecnología en Desarrollo de Software,2018-1,0,1,7,20,14,6,1,4,1,2,0,56
Ingeniería Electrónica (Diurna),2018-2,0,0,13,9,9,1,7,2,1,2,2,46
Ingeniería Eléctrica,2018-2,0,1,23,27,20,11,6,4,4,5,2,103
Ingeniería Física,2018-2,0,1,15,19,3,8,3,0,0,0,0,49
Ingeniería de Sistemas y Computación,2018-2,0,1,44,68,19,8,12,6,3,7,4,172
Ingeniería de Sistemas y Computación (Nocturno),2018-2,0,0,2,1,3,2,0,2,3,6,2,21
Ingeniería Electrónica (Diurna),2017-1,0,0,0,33,53,12,9,2,1,4,0,114
Ingeniería Eléctrica,2017-1,0,0,6,63,81,45,25,13,6,8,3,250
Ingeniería Eléctrica (Básicos ingeniería),2017-1,0,0,0,7,6,7,3,1,2,1,0,27
Ingeniería Física,2017-1,0,0,1,31,51,27,10,6,5,3,1,135
Ingeniería Física (Básicos ingenieria),2017-1,0,0,0,4,6,2,4,1,0,2,0,19
Ingeniería de Sistemas y Computación,2017-1,0,0,7,105,144,59,31,11,8,19,5,389
Ingeniería de Sistemas y Computación (Básicos ingeniería),2017-1,0,0,0,8,13,10,7,6,1,2,1,48
Ingeniería de Sistemas y Computación (Convenio Cuba),2017-1,0,0,0,13,24,8,6,5,7,4,0,67
Ingeniería de Sistemas y Computación (Nocturno),2017-1,0,0,0,5,18,12,10,8,8,14,8,83
Ingeniería Electrónica (Diurna),2017-2,0,0,1,12,15,3,5,1,7,4,0,48
Ingeniería Eléctrica,2017-2,0,0,2,12,23,26,10,5,10,9,1,98
Ingeniería Física,2017-2,0,0,1,9,18,14,8,3,0,3,0,56
Ingeniería de Sistemas y Computación,2017-2,0,0,4,35,54,24,20,8,9,11,4,169
Ingeniería de Sistemas y Computación (Nocturno),2017-2,0,0,0,5,9,8,6,6,2,17,4,57
Ingeniería Electrónica (Nocturno),2016-1,0,0,0,2,20,26,11,5,4,6,6,80
Ingeniería Eléctrica,2016-1,0,0,0,8,53,91,50,11,7,24,6,250
Ingeniería Física,2016-1,0,0,0,1,28,38,25,10,10,8,1,121
Ingeniería de Sistemas y Computación,2016-1,0,0,0,8,86,152,30,28,14,20,9,347
Ingeniería de Sistemas y Computación (Nocturno),2016-1,0,0,0,1,11,22,14,6,9,24,12,99
Ingeniería Electrónica (Diurna),2016-2,0,0,0,1,4,4,3,3,1,9,3,28
Ingeniería Eléctrica,2016-2,0,0,0,2,12,42,23,11,8,26,3,127
Ingeniería Eléctrica (Básicos ingeniería),2016-2,0,0,0,0,3,6,0,2,0,0,1,12
Ingeniería Física,2016-2,0,0,0,0,14,21,10,10,3,6,2,66
Ingeniería Física (Básicos ingenieria),2016-2,0,0,0,0,3,3,1,0,1,1,0,9
Ingeniería de Sistemas y Computación,2016-2,0,0,0,5,22,52,22,17,15,11,2,146
Ingeniería de Sistemas y Computación (Básicos ingeniería),2016-2,0,0,0,1,3,9,6,3,1,0,2,25
Ingeniería de Sistemas y Computación (Convenio Cuba),2016-2,0,0,0,0,5,11,8,7,3,5,0,39
Ingeniería de Sistemas y Computación (Nocturno),2016-2,0,0,0,0,9,14,18,14,7,21,23,106
Ingeniería Electrónica (Nocturno),2015-1,0,0,0,0,1,11,23,12,9,23,16,95
Ingeniería Eléctrica,2015-1,0,0,0,0,2,42,69,27,15,28,3,186
Ingeniería Física,2015-1,0,0,0,0,0,16,23,14,7,12,3,75
Ingeniería de Sistemas y Computación,2015-1,0,0,0,0,10,74,89,55,26,35,4,293
Ingeniería de Sistemas y Computación (Nocturno),2015-1,0,0,0,0,0,12,17,11,10,32,14,96
Ingeniería Electrónica (Nocturno),2015-2,0,0,0,0,0,4,12,6,5,10,4,41
Ingeniería Eléctrica,2015-2,0,0,0,0,1,13,32,14,19,30,5,114
Ingeniería de Sistemas y Computación,2015-2,0,0,0,0,4,23,43,27,27,26,3,153
Ingeniería de Sistemas y Computación (Nocturno),2015-2,0,0,0,0,0,1,12,9,6,21,12,61
Ingeniería Electrónica (Nocturno),2014-1,0,0,0,0,0,0,8,10,7,13,9,47
Ingeniería Eléctrica,2014-1,0,0,0,0,0,1,50,59,20,30,5,165
Ingeniería Física,2014-1,0,0,0,0,0,0,14,25,13,23,1,76
Ingeniería de Sistemas y Computación,2014-1,0,0,0,0,1,3,57,64,21,27,3,176
Ingeniería de Sistemas y Computación (Nocturno),2014-1,0,0,0,0,1,1,7,14,11,27,14,75
Ingeniería Electrónica (Nocturno),2014-2,0,0,0,0,0,0,3,7,9,15,6,40
Ingeniería Eléctrica,2014-2,0,0,0,0,0,1,21,29,19,42,7,119
Ingeniería de Sistemas y Computación,2014-2,0,0,0,0,0,3,28,40,27,34,4,136
Ingeniería de Sistemas y Computación (Nocturno),2014-2,0,0,0,0,0,1,3,8,8,28,13,61
Ingeniería Electrónica (Nocturno),2013-1,0,0,0,0,0,0,1,8,14,24,13,60
Ingeniería Eléctrica,2013-1,0,0,0,0,0,0,5,45,82,63,5,200
Ingeniería Física,2013-1,0,0,0,0,0,0,1,18,31,20,8,78
Ingeniería de Sistemas y Computación,2013-1,0,0,0,0,0,0,0,54,76,78,1,209
Ingeniería de Sistemas y Computación (Nocturno),2013-1,0,0,0,0,0,0,0,7,16,24,24,71
Ingeniería Electrónica (Nocturno),2013-2,0,0,0,0,0,0,0,8,9,21,11,49
Ingeniería Eléctrica,2013-2,0,0,0,0,0,0,3,21,40,48,12,124
Ingeniería de Sistemas y Computación,2013-2,0,0,0,0,0,0,2,24,39,71,8,144
Ingeniería de Sistemas y Computación (Nocturno),2013-2,0,0,0,0,0,0,0,5,9,23,13,50
Ingeniería Electrónica (Nocturno),2012-1,0,0,0,0,0,0,0,0,9,65,22,96
Ingeniería Eléctrica,2012-1,0,0,0,0,0,0,0,2,33,110,7,152
Ingeniería Física,2012-1,0,0,0,0,0,0,0,1,19,61,7,88
Ingeniería de Sistemas y Computación,2012-1,0,0,0,0,0,0,0,3,54,127,8,192
Ingeniería de Sistemas y Computación (Nocturno),2012-1,0,0,0,0,0,0,0,0,9,60,25,94
Ingeniería Electrónica (Nocturno),2012-2,0,0,0,0,0,0,0,0,5,39,16,60
Ingeniería Eléctrica,2012-2,0,0,0,0,0,0,0,3,29,77,16,125
Ingeniería de Sistemas y Computación,2012-2,0,0,0,0,0,0,1,4,29,88,17,139
Ingeniería de Sistemas y Computación (Nocturno),2012-2,0,0,0,0,0,0,0,1,4,48,25,78
Ingeniería Electrónica (Nocturno),2011-1,0,0,0,0,0,0,0,0,0,65,14,79
Ingeniería Eléctrica,2011-1,0,0,0,0,0,0,0,0,3,132,20,155
Ingeniería Física,2011-1,0,0,0,0,0,0,0,1,1,70,15,87
Ingeniería de Sistemas y Computación,2011-1,0,0,0,0,0,0,0,0,9,251,23,283
Ingeniería de Sistemas y Computación (Nocturno),2011-1,0,0,0,0,0,0,0,0,1,51,38,90
Ingeniería Electrónica (Nocturno),2011-2,0,0,0,0,0,0,0,0,0,48,13,61
Ingeniería Eléctrica,2011-2,0,0,0,0,0,0,0,0,2,116,10,128
Ingeniería de Sistemas y Computación,2011-2,0,0,0,0,0,0,0,0,5,160,23,188
Ingeniería de Sistemas y Computación (Nocturno),2011-2,0,0,0,0,0,0,0,0,0,50,35,85
Ingeniería Electrónica (Nocturno),2010-1,0,0,0,0,0,0,0,0,0,52,36,88
Ingeniería Eléctrica,2010-1,0,0,0,0,0,0,0,0,0,121,21,142
Ingeniería Física,2010-1,0,0,0,0,0,0,0,0,0,84,9,93
Ingeniería de Sistemas y Computación,2010-1,0,0,0,0,0,0,0,0,0,209,22,231
Ingeniería de Sistemas y Computación (Nocturno),2010-1,0,0,0,0,0,0,0,0,0,64,44,108
Ingeniería Electrónica (Nocturno),2010-2,0,0,0,0,0,0,0,1,0,42,26,69
Ingeniería Eléctrica,2010-2,0,0,0,0,0,0,0,0,0,82,23,105
Ingeniería de Sistemas y Computación,2010-2,0,0,0,0,0,0,0,0,0,141,32,173
Ingeniería de Sistemas y Computación (Nocturno),2010-2,0,0,0,0,0,0,0,0,0,32,36,68