Programa,Semestre,MenorA17,MayorA17MenorA22,Edad22,Edad23,Edad24,Edad25,MayorA26MenorA31,MayorA31,Total
Doctorado en Ingeniería,2020-1,0,0,0,0,0,0,6,26,32
Especialización en Electrónica Digital,2020-1,0,0,0,0,2,0,1,2,5
Especialización en Redes de Datos,2020-1,0,0,0,0,1,0,0,0,1
Maestría en Ingeniería Eléctrica,2020-1,0,0,2,5,10,11,39,4,71
Maestría en Ingeniería de Sistemas y Computación,2020-1,0,0,0,4,8,9,27,37,85
Doctorado en Ingeniería,2020-2,0,0,0,0,0,0,6,26,32
Especialización en Electrónica Digital,2020-2,0,0,0,1,2,0,4,3,10
Especialización en Redes de Datos,2020-2,0,0,0,0,0,0,1,5,6
Maestría en Ingeniería Eléctrica,2020-2,0,0,3,11,8,13,46,25,106
Maestría en Ingeniería de Sistemas y Computación,2020-2,0,0,1,5,6,9,20,23,64
Especialización en Electrónica Digital,2010-1,0,0,0,0,0,0,0,7,7
Especialización en Redes de Datos,2010-1,0,0,0,0,0,0,0,15,15
Maestría en Ingeniería Eléctrica,2010-1,0,0,0,0,0,0,0,58,58
Especialización en Electrónica Digital,2010-2,0,0,0,0,0,0,0,7,7
Especialización en Redes de Datos,2010-2,0,0,0,0,0,0,0,17,17
Maestría en Ingeniería Eléctrica,2010-2,0,0,0,0,0,0,0,61,61
Maestría en Ingeniería de Sistemas y Computación,2010-2,0,0,0,0,0,0,0,25,25
Especialización en Electrónica Digital,2011-1,0,0,0,0,0,0,0,6,6
Especialización en Redes de Datos,2011-1,0,0,0,0,0,0,0,18,18
Maestría en Ingeniería Eléctrica,2011-1,0,0,0,0,0,0,0,73,73
Maestría en Ingeniería de Sistemas y Computación,2011-1,0,0,0,0,0,0,0,25,25
Doctorado en Ingeniería,2011-2,0,0,0,0,0,0,0,6,6
Especialización en Redes de Datos,2011-2,0,0,0,0,0,0,0,27,27
Maestría en Ingeniería Eléctrica,2011-2,0,0,0,0,0,0,1,54,55
Maestría en Ingeniería de Sistemas y Computación,2011-2,0,0,0,0,0,0,0,40,40
Doctorado en Ingeniería,2012-1,0,0,0,0,0,0,0,7,7
Especialización en Electrónica Digital,2012-1,0,0,0,0,0,0,0,6,6
Especialización en Redes de Datos,2012-1,0,0,0,0,0,0,0,18,18
Maestría en Ingeniería Eléctrica,2012-1,0,0,0,0,0,0,1,44,45
Doctorado en Ingeniería,2012-2,0,0,0,0,0,0,0,12,12
Especialización en Redes de Datos,2012-2,0,0,0,0,0,0,0,2,2
Maestría en Ingeniería Eléctrica,2012-2,0,0,0,0,0,0,2,43,45
Maestría en Ingeniería de Sistemas y Computación,2012-2,0,0,0,0,0,0,1,50,51
Doctorado en Ingeniería,2013-1,0,0,0,0,0,0,0,15,15
Especialización en Electrónica Digital,2013-1,0,0,0,0,0,0,0,6,6
Especialización en Redes de Datos,2013-1,0,0,0,0,0,0,0,7,7
Maestría en Ingeniería Eléctrica,2013-1,0,0,0,0,0,0,4,49,53
Maestría en Ingeniería de Sistemas y Computación,2013-1,0,0,0,0,0,0,1,38,39
Doctorado en Ingeniería,2013-2,0,0,0,0,0,0,0,18,18
Especialización en Redes de Datos,2013-2,0,0,0,0,0,0,0,10,10
Maestría en Ingeniería Eléctrica,2013-2,0,0,0,0,0,0,14,42,56
Maestría en Ingeniería de Sistemas y Computación,2013-2,0,0,0,0,0,0,1,45,46
Doctorado en Ingeniería,2014-1,0,0,0,0,0,0,0,24,24
Especialización en Redes de Datos,2014-1,0,0,0,0,0,0,0,9,9
Maestría en Ingeniería Eléctrica,2014-1,0,0,0,0,0,0,19,37,56
Maestría en Ingeniería de Sistemas y Computación,2014-1,0,0,0,0,0,0,7,60,67
Doctorado en Ingeniería,2014-2,0,0,0,0,0,0,0,23,23
Especialización en Redes de Datos,2014-2,0,0,0,0,0,0,0,10,10
Maestría en Ingeniería Eléctrica,2014-2,0,0,0,0,0,0,25,32,57
Maestría en Ingeniería de Sistemas y Computación,2014-2,0,0,0,0,0,0,7,53,60
Doctorado en Ingeniería,2015-1,0,0,0,0,0,0,0,26,26
Especialización en Redes de Datos,2015-1,0,0,0,0,0,0,0,7,7
Maestría en Ingeniería Eléctrica,2015-1,0,0,0,0,0,0,25,25,50
Maestría en Ingeniería de Sistemas y Computación,2015-1,0,0,0,0,0,0,12,61,73
Doctorado en Ingeniería,2015-2,0,0,0,0,0,0,0,26,26
Maestría en Ingeniería Eléctrica,2015-2,0,0,0,0,0,0,27,21,48
Maestría en Ingeniería de Sistemas y Computación,2015-2,0,0,0,0,0,0,10,53,63
Doctorado en Ingeniería,2016-1,0,0,0,0,0,0,0,34,34
Maestría en Ingeniería Eléctrica,2016-1,0,0,0,0,0,0,23,19,42
Maestría en Ingeniería de Sistemas y Computación,2016-1,0,0,0,0,0,0,13,23,36
Doctorado en Ingeniería,2016-2,0,0,0,0,0,0,1,35,36
Maestría en Ingeniería Eléctrica,2016-2,0,0,0,0,0,0,29,18,47
Maestría en Ingeniería de Sistemas y Computación,2016-2,0,0,0,0,0,0,13,26,39
Doctorado en Ingeniería,2017-1,0,0,0,0,0,0,4,35,39
Especialización en Redes de Datos,2017-1,0,0,0,0,0,0,0,6,6
Maestría en Ingeniería Eléctrica,2017-1,0,0,0,0,0,1,33,23,57
Maestría en Ingeniería de Sistemas y Computación,2017-1,0,0,0,0,0,0,18,42,60
Doctorado en Ingeniería,2017-2,0,0,0,0,0,0,4,33,37
Maestría en Ingeniería Eléctrica,2017-2,0,0,0,0,0,4,43,21,68
Maestría en Ingeniería de Sistemas y Computación,2017-2,0,0,0,0,0,0,16,41,57
Doctorado en Ingeniería,2018-1,0,0,0,0,0,0,4,33,37
Especialización en Redes de Datos,2018-1,0,0,0,0,0,0,2,2,4
Maestría en Ingeniería Eléctrica,2018-1,0,0,0,0,0,8,52,15,75
Maestría en Ingeniería de Sistemas y Computación,2018-1,0,0,0,0,2,3,23,37,65
Doctorado en Ingeniería,2018-2,0,0,0,0,0,0,4,31,35
Maestría en Ingeniería Eléctrica,2018-2,0,0,0,0,0,9,45,17,71
Maestría en Ingeniería de Sistemas y Computación,2018-2,0,0,0,1,3,4,28,35,71
Doctorado en Ingeniería,2019-1,0,0,0,0,0,0,5,31,36
Especialización en Redes de Datos,2019-1,0,0,0,0,0,0,4,4,8
Maestría en Ingeniería Eléctrica,2019-1,0,0,0,0,3,12,47,12,74
Maestría en Ingeniería de Sistemas y Computación,2019-1,0,0,0,3,4,7,26,37,77
Doctorado en Ingeniería,2019-2,0,0,0,0,0,0,5,29,34
Especialización en Electrónica Digital,2019-2,0,0,0,0,2,0,1,2,5
Especialización en Redes de Datos,2019-2,0,0,0,0,0,0,4,5,9
Maestría en Ingeniería Eléctrica,2019-2,0,0,0,2,4,11,34,5,56
Maestría en Ingeniería de Sistemas y Computación,2019-2,0,0,0,4,6,11,27,31,79
Doctorado en Ingeniería,2021-1,0,0,0,0,0,0,6,26,32
Especialización en Redes de Datos,2021-1,0,0,0,0,0,0,1,5,6
Maestría en Ingeniería Eléctrica,2021-1,0,3,8,13,11,11,38,18,102
Maestría en Ingeniería de Sistemas y Computación,2021-1,0,0,1,6,7,7,16,24,61
Doctorado en Ingeniería,2021-2,0,0,0,0,0,1,1,12,14
Especialización en Redes de Datos,2021-2,0,2,1,0,1,0,5,8,17
Maestría en Ingeniería Eléctrica,2021-2,0,3,8,11,7,6,5,5,45
Maestría en Ingeniería de Sistemas y Computación,2021-2,0,0,0,3,1,2,10,7,23